{"duration": 0.014670372009277344, "input_args": {}, "time": 1737889729.061381}