{"duration": 15.005306005477905, "input_args": {}, "time": 1737889744.1463017}